Course,Feedback
MBBS,High demand in hospitals and clinics
BA History,Excellent for electronics and communication careers
B.Sc Nursing,Excellent for law and legal careers
Diploma Electrical,Best choice for medical profession
BBA,Ideal for business management skills
B.Des Design,Best choice for medical profession
BBA,Good for career in finance and accounting
BA History,Excellent for creative design and fashion careers
B.Tech ECE,Quick entry into skilled workforce
B.Sc Nursing,Popular for AI and software development
Diploma Mechanical,Excellent for law and legal careers
B.Des Design,Excellent for law and legal careers
B.Com,Ideal for business management skills
BCA,High demand in hospitals and clinics
B.Tech ECE,Excellent for law and legal careers
BBA,Great for dental practice
B.Tech ECE,Good for counseling and social work careers
B.Tech ECE,Good for career in finance and accounting
BA Psychology,Great for dental practice
BBA,Great for dental practice
MBBS,Quick entry into skilled workforce
BDS,Quick entry into skilled workforce
B.Tech CSE,Great for dental practice
B.Des Design,Provides practical mechanical skills
B.Tech ECE,Excellent for electronics and communication careers
B.Tech IT,Excellent for creative design and fashion careers
B.Tech IT,Good for counseling and social work careers
B.Com,Popular for AI and software development
BA History,Excellent for creative design and fashion careers
B.Des Design,Excellent for creative design and fashion careers
BDS,Best choice for medical profession
B.Tech IT,Excellent for creative design and fashion careers
B.Tech CSE,Good for counseling and social work careers
BBA,"Useful for research, teaching, and civil services"
BDS,Excellent for electronics and communication careers
Diploma Mechanical,Great for dental practice
BA Psychology,Excellent for creative design and fashion careers
BDS,Excellent for electronics and communication careers
B.Com,Quick entry into skilled workforce
MBBS,Good for counseling and social work careers
BA History,Best choice for medical profession
BCA,Excellent for creative design and fashion careers
B.Sc Nursing,Great for dental practice
ITI Electrician,Good for counseling and social work careers
BA History,Good for career in finance and accounting
B.Tech CSE,Best choice for medical profession
B.Tech IT,Provides practical mechanical skills
B.Sc Nursing,Good for career in finance and accounting
B.Tech CSE,Provides practical mechanical skills
B.Des Design,Great for dental practice
BA History,Good for counseling and social work careers
ITI Electrician,Ideal for business management skills
LLB,Provides practical mechanical skills
MBBS,Best choice for medical profession
BBA,High demand in hospitals and clinics
B.Des Design,Good for career in finance and accounting
ITI Electrician,Excellent for creative design and fashion careers
MBBS,Great for dental practice
B.Des Design,Ideal for business management skills
BA History,Provides practical mechanical skills
BA History,Quick entry into skilled workforce
B.Tech CSE,High demand in hospitals and clinics
BA Psychology,Excellent for law and legal careers
BA Psychology,Quick entry into skilled workforce
B.Des Design,Great for dental practice
LLB,High demand in hospitals and clinics
BA Psychology,Excellent for law and legal careers
B.Tech ECE,Excellent for electronics and communication careers
B.Des Design,Quick entry into skilled workforce
LLB,Quick entry into skilled workforce
B.Tech IT,Provides practical mechanical skills
BA Psychology,Good for counseling and social work careers
B.Com,Best choice for medical profession
BA Psychology,Excellent for electronics and communication careers
B.Des Design,Excellent for creative design and fashion careers
BA History,"Useful for research, teaching, and civil services"
Diploma Mechanical,"Useful for research, teaching, and civil services"
MBBS,Excellent for law and legal careers
Diploma Electrical,Excellent for creative design and fashion careers
B.Tech IT,Quick entry into skilled workforce
BCA,Best choice for medical profession
ITI Electrician,Quick entry into skilled workforce
BA History,Ideal for business management skills
BDS,Quick entry into skilled workforce
BA Psychology,Excellent for electronics and communication careers
MBBS,Popular for AI and software development
B.Com,Good for career in finance and accounting
BDS,"Useful for research, teaching, and civil services"
BCA,"Useful for research, teaching, and civil services"
B.Des Design,Quick entry into skilled workforce
MBBS,High demand in hospitals and clinics
LLB,"Useful for research, teaching, and civil services"
LLB,Excellent for electronics and communication careers
B.Tech ECE,Quick entry into skilled workforce
B.Com,Excellent for creative design and fashion careers
B.Tech CSE,Excellent for creative design and fashion careers
B.Des Design,Excellent for electronics and communication careers
B.Tech IT,Excellent for creative design and fashion careers
ITI Electrician,"Useful for research, teaching, and civil services"
BBA,Excellent for law and legal careers
